[{"_id":{"Sucursal":1,"Cliente":3,"Compras":4}},{"_id":{"Sucursal":1,"Cliente":4,"Compras":4}},{"_id":{"Sucursal":1,"Cliente":1,"Compras":4}},{"_id":{"Sucursal":1,"Cliente":10,"Compras":3}},{"_id":{"Sucursal":1,"Cliente":2,"Compras":3}},{"_id":{"Sucursal":1,"Cliente":5,"Compras":3}},{"_id":{"Sucursal":1,"Cliente":8,"Compras":3}},{"_id":{"Sucursal":1,"Cliente":9,"Compras":2}},{"_id":{"Sucursal":1,"Cliente":7,"Compras":2}},{"_id":{"Sucursal":1,"Cliente":6,"Compras":1}},{"_id":{"Sucursal":2,"Cliente":3,"Compras":5}},{"_id":{"Sucursal":2,"Cliente":5,"Compras":4}},{"_id":{"Sucursal":2,"Cliente":10,"Compras":4}},{"_id":{"Sucursal":2,"Cliente":8,"Compras":3}},{"_id":{"Sucursal":2,"Cliente":6,"Compras":3}},{"_id":{"Sucursal":2,"Cliente":9,"Compras":3}},{"_id":{"Sucursal":2,"Cliente":7,"Compras":3}},{"_id":{"Sucursal":2,"Cliente":4,"Compras":2}},{"_id":{"Sucursal":2,"Cliente":2,"Compras":2}},{"_id":{"Sucursal":2,"Cliente":1,"Compras":1}},{"_id":{"Sucursal":3,"Cliente":1,"Compras":5}},{"_id":{"Sucursal":3,"Cliente":3,"Compras":3}},{"_id":{"Sucursal":3,"Cliente":5,"Compras":3}},{"_id":{"Sucursal":3,"Cliente":10,"Compras":3}},{"_id":{"Sucursal":3,"Cliente":6,"Compras":3}},{"_id":{"Sucursal":3,"Cliente":2,"Compras":3}},{"_id":{"Sucursal":3,"Cliente":9,"Compras":3}},{"_id":{"Sucursal":3,"Cliente":8,"Compras":3}},{"_id":{"Sucursal":3,"Cliente":7,"Compras":2}},{"_id":{"Sucursal":3,"Cliente":4,"Compras":2}}]
