[{"_id":{"Sucursal":1,"Producto":"Aromatizante"},"Monto":4000.0},{"_id":{"Sucursal":1,"Producto":"Atorvastatina"},"Monto":14000.0},{"_id":{"Sucursal":1,"Producto":"Bayaspirina"},"Monto":4200.0},{"_id":{"Sucursal":1,"Producto":"Ibupirac"},"Monto":3500.0},{"_id":{"Sucursal":1,"Producto":"Ibuprofeno"},"Monto":2200.0},{"_id":{"Sucursal":1,"Producto":"Levotiroxina"},"Monto":15600.0},{"_id":{"Sucursal":1,"Producto":"Maquillaje"},"Monto":5600.0},{"_id":{"Sucursal":1,"Producto":"Omeprazol"},"Monto":1880.0},{"_id":{"Sucursal":1,"Producto":"Paracetamol"},"Monto":3300.0},{"_id":{"Sucursal":1,"Producto":"Perfume"},"Monto":7500.0},{"_id":{"Sucursal":2,"Producto":"Aromatizante"},"Monto":3600.0},{"_id":{"Sucursal":2,"Producto":"Atorvastatina"},"Monto":8400.0},{"_id":{"Sucursal":2,"Producto":"Bayaspirina"},"Monto":2700.0},{"_id":{"Sucursal":2,"Producto":"Ibupirac"},"Monto":2450.0},{"_id":{"Sucursal":2,"Producto":"Ibuprofeno"},"Monto":3850.0},{"_id":{"Sucursal":2,"Producto":"Levotiroxina"},"Monto":14300.0},{"_id":{"Sucursal":2,"Producto":"Maquillaje"},"Monto":4000.0},{"_id":{"Sucursal":2,"Producto":"Omeprazol"},"Monto":3290.0},{"_id":{"Sucursal":2,"Producto":"Paracetamol"},"Monto":8580.0},{"_id":{"Sucursal":2,"Producto":"Perfume"},"Monto":7500.0},{"_id":{"Sucursal":3,"Producto":"Aromatizante"},"Monto":3400.0},{"_id":{"Sucursal":3,"Producto":"Atorvastatina"},"Monto":12600.0},{"_id":{"Sucursal":3,"Producto":"Bayaspirina"},"Monto":2100.0},{"_id":{"Sucursal":3,"Producto":"Ibupirac"},"Monto":2450.0},{"_id":{"Sucursal":3,"Producto":"Ibuprofeno"},"Monto":6050.0},{"_id":{"Sucursal":3,"Producto":"Levotiroxina"},"Monto":11700.0},{"_id":{"Sucursal":3,"Producto":"Maquillaje"},"Monto":4800.0},{"_id":{"Sucursal":3,"Producto":"Omeprazol"},"Monto":4230.0},{"_id":{"Sucursal":3,"Producto":"Paracetamol"},"Monto":5280.0},{"_id":{"Sucursal":3,"Producto":"Perfume"},"Monto":8500.0}]
