[{"_id":{"$oid":"60d233ee4b0a0656610ddce9"},"Compras":12,"Cliente":3},{"_id":{"$oid":"60d233ee4b0a0656610ddcea"},"Compras":10,"Cliente":1},{"_id":{"$oid":"60d233ee4b0a0656610ddceb"},"Compras":10,"Cliente":10},{"_id":{"$oid":"60d233ee4b0a0656610ddcec"},"Compras":10,"Cliente":5},{"_id":{"$oid":"60d233ee4b0a0656610ddced"},"Compras":9,"Cliente":8},{"_id":{"$oid":"60d233ee4b0a0656610ddcee"},"Compras":8,"Cliente":2},{"_id":{"$oid":"60d233ee4b0a0656610ddcef"},"Compras":8,"Cliente":4},{"_id":{"$oid":"60d233ee4b0a0656610ddcf0"},"Compras":8,"Cliente":9},{"_id":{"$oid":"60d233ee4b0a0656610ddcf1"},"Compras":7,"Cliente":7},{"_id":{"$oid":"60d233ee4b0a0656610ddcf2"},"Compras":7,"Cliente":6}]
