[{"_id":{"Sucursal":1,"Producto":"Aromatizante"},"Cantidad":20},{"_id":{"Sucursal":1,"Producto":"Atorvastatina"},"Cantidad":10},{"_id":{"Sucursal":1,"Producto":"Bayaspirina"},"Cantidad":14},{"_id":{"Sucursal":1,"Producto":"Ibupirac"},"Cantidad":10},{"_id":{"Sucursal":1,"Producto":"Ibuprofeno"},"Cantidad":4},{"_id":{"Sucursal":1,"Producto":"Levotiroxina"},"Cantidad":12},{"_id":{"Sucursal":1,"Producto":"Maquillaje"},"Cantidad":7},{"_id":{"Sucursal":1,"Producto":"Omeprazol"},"Cantidad":4},{"_id":{"Sucursal":1,"Producto":"Paracetamol"},"Cantidad":5},{"_id":{"Sucursal":1,"Producto":"Perfume"},"Cantidad":15},{"_id":{"Sucursal":2,"Producto":"Aromatizante"},"Cantidad":18},{"_id":{"Sucursal":2,"Producto":"Atorvastatina"},"Cantidad":6},{"_id":{"Sucursal":2,"Producto":"Bayaspirina"},"Cantidad":9},{"_id":{"Sucursal":2,"Producto":"Ibupirac"},"Cantidad":7},{"_id":{"Sucursal":2,"Producto":"Ibuprofeno"},"Cantidad":7},{"_id":{"Sucursal":2,"Producto":"Levotiroxina"},"Cantidad":11},{"_id":{"Sucursal":2,"Producto":"Maquillaje"},"Cantidad":5},{"_id":{"Sucursal":2,"Producto":"Omeprazol"},"Cantidad":7},{"_id":{"Sucursal":2,"Producto":"Paracetamol"},"Cantidad":13},{"_id":{"Sucursal":2,"Producto":"Perfume"},"Cantidad":15},{"_id":{"Sucursal":3,"Producto":"Aromatizante"},"Cantidad":17},{"_id":{"Sucursal":3,"Producto":"Atorvastatina"},"Cantidad":9},{"_id":{"Sucursal":3,"Producto":"Bayaspirina"},"Cantidad":7},{"_id":{"Sucursal":3,"Producto":"Ibupirac"},"Cantidad":7},{"_id":{"Sucursal":3,"Producto":"Ibuprofeno"},"Cantidad":11},{"_id":{"Sucursal":3,"Producto":"Levotiroxina"},"Cantidad":9},{"_id":{"Sucursal":3,"Producto":"Maquillaje"},"Cantidad":6},{"_id":{"Sucursal":3,"Producto":"Omeprazol"},"Cantidad":9},{"_id":{"Sucursal":3,"Producto":"Paracetamol"},"Cantidad":8},{"_id":{"Sucursal":3,"Producto":"Perfume"},"Cantidad":17}]
